state,date,sex,ethnicity,annual_birth,annual_death
Johor,01/01/2000,Male,overall,34726,7163
Johor,01/01/2001,Male,overall,31857,7380
Johor,01/01/2002,Male,overall,30922,7763
Johor,01/01/2003,Male,overall,30223,7933
Johor,01/01/2004,Male,overall,29518,8021
Johor,01/01/2005,Male,overall,29081,8194
Johor,01/01/2006,Male,overall,29661,8550
Johor,01/01/2007,Male,overall,29815,8985
Johor,01/01/2008,Male,overall,29897,9345
Johor,01/01/2009,Male,overall,30068,9384
Johor,01/01/2010,Male,overall,28989,9521
Johor,01/01/2011,Male,overall,29962,9604
Johor,01/01/2012,Male,overall,31214,9989
Johor,01/01/2013,Male,overall,29672,10361
Johor,01/01/2014,Male,overall,31420,10517
Johor,01/01/2015,Male,overall,31307,11045
Johor,01/01/2016,Male,overall,30754,11674
Johor,01/01/2017,Male,overall,31648,12076
Johor,01/01/2018,Male,overall,31656,12384
Johor,01/01/2019,Male,overall,31073,12760
Johor,01/01/2020,Male,overall,29379,12194
Johor,01/01/2021,Male,overall,25708,15549
Johor,01/01/2022,Male,overall,24765,14618
Johor,01/01/2000,Female,overall,32457,4981
Johor,01/01/2001,Female,overall,29575,5350
Johor,01/01/2002,Female,overall,28777,5696
Johor,01/01/2003,Female,overall,28007,5738
Johor,01/01/2004,Female,overall,27821,5821
Johor,01/01/2005,Female,overall,27443,5958
Johor,01/01/2006,Female,overall,27076,5996
Johor,01/01/2007,Female,overall,27965,6180
Johor,01/01/2008,Female,overall,27941,6581
Johor,01/01/2009,Female,overall,27781,6587
Johor,01/01/2010,Female,overall,27075,6539
Johor,01/01/2011,Female,overall,28205,6875
Johor,01/01/2012,Female,overall,29230,7212
Johor,01/01/2013,Female,overall,27730,7335
Johor,01/01/2014,Female,overall,29023,7387
Johor,01/01/2015,Female,overall,29236,7808
Johor,01/01/2016,Female,overall,28807,8250
Johor,01/01/2017,Female,overall,29437,8586
Johor,01/01/2018,Female,overall,29428,8733
Johor,01/01/2019,Female,overall,29188,9039
Johor,01/01/2020,Female,overall,27529,8452
Johor,01/01/2021,Female,overall,24282,11402
Johor,01/01/2022,Female,overall,23489,10687
Kedah,01/01/2000,Male,overall,21038,5110
Kedah,01/01/2001,Male,overall,19754,5218
Kedah,01/01/2002,Male,overall,18825,5628
Kedah,01/01/2003,Male,overall,18285,5800
Kedah,01/01/2004,Male,overall,17872,5746
Kedah,01/01/2005,Male,overall,17587,5770
Kedah,01/01/2006,Male,overall,17467,6077
Kedah,01/01/2007,Male,overall,17461,6160
Kedah,01/01/2008,Male,overall,18182,6321
Kedah,01/01/2009,Male,overall,18499,6632
Kedah,01/01/2010,Male,overall,18203,6601
Kedah,01/01/2011,Male,overall,18480,6844
Kedah,01/01/2012,Male,overall,18937,7059
Kedah,01/01/2013,Male,overall,18049,7096
Kedah,01/01/2014,Male,overall,18936,7404
Kedah,01/01/2015,Male,overall,18832,7733
Kedah,01/01/2016,Male,overall,18457,7734
Kedah,01/01/2017,Male,overall,18991,8049
Kedah,01/01/2018,Male,overall,18462,8216
Kedah,01/01/2019,Male,overall,17828,8031
Kedah,01/01/2020,Male,overall,17516,7694
Kedah,01/01/2021,Male,overall,17032,10068
Kedah,01/01/2022,Male,overall,15784,9792
Kedah,01/01/2000,Female,overall,19976,3872
Kedah,01/01/2001,Female,overall,18319,3979
Kedah,01/01/2002,Female,overall,17779,4297
Kedah,01/01/2003,Female,overall,17122,4511
Kedah,01/01/2004,Female,overall,17187,4349
Kedah,01/01/2005,Female,overall,16667,4510
Kedah,01/01/2006,Female,overall,16397,4621
Kedah,01/01/2007,Female,overall,16502,4687
Kedah,01/01/2008,Female,overall,17233,4750
Kedah,01/01/2009,Female,overall,17520,4986
Kedah,01/01/2010,Female,overall,16925,5073
Kedah,01/01/2011,Female,overall,17457,5025
Kedah,01/01/2012,Female,overall,17453,5209
Kedah,01/01/2013,Female,overall,16983,5420
Kedah,01/01/2014,Female,overall,17569,5613
Kedah,01/01/2015,Female,overall,17952,5941
Kedah,01/01/2016,Female,overall,17510,6037
Kedah,01/01/2017,Female,overall,17702,6283
Kedah,01/01/2018,Female,overall,17181,6336
Kedah,01/01/2019,Female,overall,16683,6271
Kedah,01/01/2020,Female,overall,16312,5977
Kedah,01/01/2021,Female,overall,16008,8389
Kedah,01/01/2022,Female,overall,15012,7836
Kelantan,01/01/2000,Male,overall,20749,4333
Kelantan,01/01/2001,Male,overall,19696,4367
Kelantan,01/01/2002,Male,overall,19221,4784
Kelantan,01/01/2003,Male,overall,18396,4956
Kelantan,01/01/2004,Male,overall,17946,4920
Kelantan,01/01/2005,Male,overall,17584,5051
Kelantan,01/01/2006,Male,overall,17374,5023
Kelantan,01/01/2007,Male,overall,17393,5211
Kelantan,01/01/2008,Male,overall,18032,5592
Kelantan,01/01/2009,Male,overall,18337,5721
Kelantan,01/01/2010,Male,overall,18586,5590
Kelantan,01/01/2011,Male,overall,19412,5624
Kelantan,01/01/2012,Male,overall,19328,5589
Kelantan,01/01/2013,Male,overall,18853,5635
Kelantan,01/01/2014,Male,overall,20227,5958
Kelantan,01/01/2015,Male,overall,19984,6087
Kelantan,01/01/2016,Male,overall,19821,6111
Kelantan,01/01/2017,Male,overall,20084,6284
Kelantan,01/01/2018,Male,overall,19984,6332
Kelantan,01/01/2019,Male,overall,19124,6446
Kelantan,01/01/2020,Male,overall,18739,6236
Kelantan,01/01/2021,Male,overall,17868,7605
Kelantan,01/01/2022,Male,overall,17464,7411
Kelantan,01/01/2000,Female,overall,19655,3287
Kelantan,01/01/2001,Female,overall,18490,3430
Kelantan,01/01/2002,Female,overall,18076,3546
Kelantan,01/01/2003,Female,overall,17290,3658
Kelantan,01/01/2004,Female,overall,17167,3627
Kelantan,01/01/2005,Female,overall,16504,3783
Kelantan,01/01/2006,Female,overall,16285,3917
Kelantan,01/01/2007,Female,overall,16407,3975
Kelantan,01/01/2008,Female,overall,16810,4102
Kelantan,01/01/2009,Female,overall,17378,4393
Kelantan,01/01/2010,Female,overall,17423,4208
Kelantan,01/01/2011,Female,overall,18267,4400
Kelantan,01/01/2012,Female,overall,17697,4301
Kelantan,01/01/2013,Female,overall,17560,4407
Kelantan,01/01/2014,Female,overall,19052,4630
Kelantan,01/01/2015,Female,overall,19124,4702
Kelantan,01/01/2016,Female,overall,18634,4698
Kelantan,01/01/2017,Female,overall,19038,4919
Kelantan,01/01/2018,Female,overall,18376,4984
Kelantan,01/01/2019,Female,overall,17734,4964
Kelantan,01/01/2020,Female,overall,17536,4692
Kelantan,01/01/2021,Female,overall,16896,6321
Kelantan,01/01/2022,Female,overall,16344,6034
Melaka,01/01/2000,Male,overall,7893,1998
Melaka,01/01/2001,Male,overall,7437,2114
Melaka,01/01/2002,Male,overall,7027,2131
Melaka,01/01/2003,Male,overall,7287,2187
Melaka,01/01/2004,Male,overall,6930,2228
Melaka,01/01/2005,Male,overall,6905,2293
Melaka,01/01/2006,Male,overall,6585,2291
Melaka,01/01/2007,Male,overall,6943,2350
Melaka,01/01/2008,Male,overall,6897,2490
Melaka,01/01/2009,Male,overall,6913,2549
Melaka,01/01/2010,Male,overall,6799,2530
Melaka,01/01/2011,Male,overall,7290,2642
Melaka,01/01/2012,Male,overall,7233,2588
Melaka,01/01/2013,Male,overall,7102,2669
Melaka,01/01/2014,Male,overall,7592,2719
Melaka,01/01/2015,Male,overall,7460,2778
Melaka,01/01/2016,Male,overall,7511,2915
Melaka,01/01/2017,Male,overall,7454,3092
Melaka,01/01/2018,Male,overall,7379,3079
Melaka,01/01/2019,Male,overall,7408,3088
Melaka,01/01/2020,Male,overall,7139,3072
Melaka,01/01/2021,Male,overall,6812,3921
Melaka,01/01/2022,Male,overall,6745,3669
Melaka,01/01/2000,Female,overall,7411,1727
Melaka,01/01/2001,Female,overall,6880,1685
Melaka,01/01/2002,Female,overall,6783,1835
Melaka,01/01/2003,Female,overall,6611,1777
Melaka,01/01/2004,Female,overall,6618,1842
Melaka,01/01/2005,Female,overall,6436,1847
Melaka,01/01/2006,Female,overall,6361,1855
Melaka,01/01/2007,Female,overall,6501,1795
Melaka,01/01/2008,Female,overall,6722,1891
Melaka,01/01/2009,Female,overall,6543,1923
Melaka,01/01/2010,Female,overall,6211,1951
Melaka,01/01/2011,Female,overall,6686,1964
Melaka,01/01/2012,Female,overall,7045,1987
Melaka,01/01/2013,Female,overall,6590,2078
Melaka,01/01/2014,Female,overall,6976,2009
Melaka,01/01/2015,Female,overall,7094,2181
Melaka,01/01/2016,Female,overall,6891,2271
Melaka,01/01/2017,Female,overall,6935,2431
Melaka,01/01/2018,Female,overall,7009,2328
Melaka,01/01/2019,Female,overall,6728,2459
Melaka,01/01/2020,Female,overall,6716,2372
Melaka,01/01/2021,Female,overall,6380,3162
Melaka,01/01/2022,Female,overall,6360,2961
Negeri Sembilan,01/01/2000,Male,overall,9940,2682
Negeri Sembilan,01/01/2001,Male,overall,9073,2738
Negeri Sembilan,01/01/2002,Male,overall,9149,2882
Negeri Sembilan,01/01/2003,Male,overall,8810,2963
Negeri Sembilan,01/01/2004,Male,overall,8878,2940
Negeri Sembilan,01/01/2005,Male,overall,8708,3041
Negeri Sembilan,01/01/2006,Male,overall,8577,3042
Negeri Sembilan,01/01/2007,Male,overall,8890,3050
Negeri Sembilan,01/01/2008,Male,overall,8869,3355
Negeri Sembilan,01/01/2009,Male,overall,8960,3419
Negeri Sembilan,01/01/2010,Male,overall,8654,3437
Negeri Sembilan,01/01/2011,Male,overall,9202,3431
Negeri Sembilan,01/01/2012,Male,overall,9219,3376
Negeri Sembilan,01/01/2013,Male,overall,9126,3629
Negeri Sembilan,01/01/2014,Male,overall,9665,3681
Negeri Sembilan,01/01/2015,Male,overall,9605,3823
Negeri Sembilan,01/01/2016,Male,overall,9345,3964
Negeri Sembilan,01/01/2017,Male,overall,9390,4100
Negeri Sembilan,01/01/2018,Male,overall,9328,4285
Negeri Sembilan,01/01/2019,Male,overall,9061,4106
Negeri Sembilan,01/01/2020,Male,overall,8880,4051
Negeri Sembilan,01/01/2021,Male,overall,8723,5206
Negeri Sembilan,01/01/2022,Male,overall,8406,4959
Negeri Sembilan,01/01/2000,Female,overall,9303,1858
Negeri Sembilan,01/01/2001,Female,overall,8597,1986
Negeri Sembilan,01/01/2002,Female,overall,8498,2169
Negeri Sembilan,01/01/2003,Female,overall,8462,2075
Negeri Sembilan,01/01/2004,Female,overall,8207,2127
Negeri Sembilan,01/01/2005,Female,overall,8130,2122
Negeri Sembilan,01/01/2006,Female,overall,8045,2162
Negeri Sembilan,01/01/2007,Female,overall,8305,2131
Negeri Sembilan,01/01/2008,Female,overall,8482,2385
Negeri Sembilan,01/01/2009,Female,overall,8400,2413
Negeri Sembilan,01/01/2010,Female,overall,8285,2377
Negeri Sembilan,01/01/2011,Female,overall,8468,2454
Negeri Sembilan,01/01/2012,Female,overall,8684,2519
Negeri Sembilan,01/01/2013,Female,overall,8383,2584
Negeri Sembilan,01/01/2014,Female,overall,9011,2729
Negeri Sembilan,01/01/2015,Female,overall,8818,2788
Negeri Sembilan,01/01/2016,Female,overall,8691,2846
Negeri Sembilan,01/01/2017,Female,overall,8688,3011
Negeri Sembilan,01/01/2018,Female,overall,8849,3013
Negeri Sembilan,01/01/2019,Female,overall,8403,3062
Negeri Sembilan,01/01/2020,Female,overall,8240,2960
Negeri Sembilan,01/01/2021,Female,overall,8054,3959
Negeri Sembilan,01/01/2022,Female,overall,7585,3677
Pahang,01/01/2000,Male,overall,15268,3274
Pahang,01/01/2001,Male,overall,14181,3427
Pahang,01/01/2002,Male,overall,13947,3799
Pahang,01/01/2003,Male,overall,13422,3794
Pahang,01/01/2004,Male,overall,13543,3825
Pahang,01/01/2005,Male,overall,13286,3935
Pahang,01/01/2006,Male,overall,12835,4026
Pahang,01/01/2007,Male,overall,12780,4049
Pahang,01/01/2008,Male,overall,13311,4346
Pahang,01/01/2009,Male,overall,13484,4502
Pahang,01/01/2010,Male,overall,13426,4669
Pahang,01/01/2011,Male,overall,14045,4732
Pahang,01/01/2012,Male,overall,13955,4713
Pahang,01/01/2013,Male,overall,13996,4962
Pahang,01/01/2014,Male,overall,14887,5092
Pahang,01/01/2015,Male,overall,14370,5044
Pahang,01/01/2016,Male,overall,14379,5347
Pahang,01/01/2017,Male,overall,14111,5498
Pahang,01/01/2018,Male,overall,13930,5525
Pahang,01/01/2019,Male,overall,13254,5392
Pahang,01/01/2020,Male,overall,13032,5175
Pahang,01/01/2021,Male,overall,12624,6109
Pahang,01/01/2022,Male,overall,12209,6516
Pahang,01/01/2000,Female,overall,14287,2233
Pahang,01/01/2001,Female,overall,13432,2314
Pahang,01/01/2002,Female,overall,12863,2498
Pahang,01/01/2003,Female,overall,12722,2497
Pahang,01/01/2004,Female,overall,12356,2450
Pahang,01/01/2005,Female,overall,12406,2564
Pahang,01/01/2006,Female,overall,11974,2644
Pahang,01/01/2007,Female,overall,12178,2693
Pahang,01/01/2008,Female,overall,12347,2754
Pahang,01/01/2009,Female,overall,12573,2926
Pahang,01/01/2010,Female,overall,12520,3053
Pahang,01/01/2011,Female,overall,13034,3080
Pahang,01/01/2012,Female,overall,13456,3078
Pahang,01/01/2013,Female,overall,12972,3184
Pahang,01/01/2014,Female,overall,13856,3209
Pahang,01/01/2015,Female,overall,13689,3427
Pahang,01/01/2016,Female,overall,13247,3531
Pahang,01/01/2017,Female,overall,13444,3763
Pahang,01/01/2018,Female,overall,13076,3721
Pahang,01/01/2019,Female,overall,12633,3787
Pahang,01/01/2020,Female,overall,12312,3511
Pahang,01/01/2021,Female,overall,11883,4257
Pahang,01/01/2022,Female,overall,11359,4506
Perak,01/01/2000,Male,overall,24896,7643
Perak,01/01/2001,Male,overall,22408,7623
Perak,01/01/2002,Male,overall,21684,8218
Perak,01/01/2003,Male,overall,20565,8263
Perak,01/01/2004,Male,overall,20128,8242
Perak,01/01/2005,Male,overall,19161,8114
Perak,01/01/2006,Male,overall,19060,8116
Perak,01/01/2007,Male,overall,18931,8436
Perak,01/01/2008,Male,overall,19159,8776
Perak,01/01/2009,Male,overall,19096,8959
Perak,01/01/2010,Male,overall,18548,8831
Perak,01/01/2011,Male,overall,19459,9042
Perak,01/01/2012,Male,overall,19402,9315
Perak,01/01/2013,Male,overall,18294,9294
Perak,01/01/2014,Male,overall,18833,9461
Perak,01/01/2015,Male,overall,18855,9759
Perak,01/01/2016,Male,overall,18559,10113
Perak,01/01/2017,Male,overall,17953,10420
Perak,01/01/2018,Male,overall,17455,10582
Perak,01/01/2019,Male,overall,17069,10571
Perak,01/01/2020,Male,overall,16472,10173
Perak,01/01/2021,Male,overall,15758,12022
Perak,01/01/2022,Male,overall,15202,12641
Perak,01/01/2000,Female,overall,23693,5551
Perak,01/01/2001,Female,overall,21125,5954
Perak,01/01/2002,Female,overall,20605,6127
Perak,01/01/2003,Female,overall,19257,6298
Perak,01/01/2004,Female,overall,18884,6159
Perak,01/01/2005,Female,overall,18208,6234
Perak,01/01/2006,Female,overall,17775,6313
Perak,01/01/2007,Female,overall,17697,6477
Perak,01/01/2008,Female,overall,18015,6619
Perak,01/01/2009,Female,overall,18107,6782
Perak,01/01/2010,Female,overall,17478,6609
Perak,01/01/2011,Female,overall,18063,6970
Perak,01/01/2012,Female,overall,18310,7080
Perak,01/01/2013,Female,overall,17133,7092
Perak,01/01/2014,Female,overall,17753,7464
Perak,01/01/2015,Female,overall,17429,7400
Perak,01/01/2016,Female,overall,17126,7707
Perak,01/01/2017,Female,overall,16885,7627
Perak,01/01/2018,Female,overall,16414,8018
Perak,01/01/2019,Female,overall,15936,8169
Perak,01/01/2020,Female,overall,15110,7773
Perak,01/01/2021,Female,overall,15058,9281
Perak,01/01/2022,Female,overall,14341,9700
Perlis,01/01/2000,Male,overall,2433,738
Perlis,01/01/2001,Male,overall,2218,765
Perlis,01/01/2002,Male,overall,2128,735
Perlis,01/01/2003,Male,overall,2046,807
Perlis,01/01/2004,Male,overall,2025,772
Perlis,01/01/2005,Male,overall,2004,826
Perlis,01/01/2006,Male,overall,2002,823
Perlis,01/01/2007,Male,overall,2026,811
Perlis,01/01/2008,Male,overall,2175,938
Perlis,01/01/2009,Male,overall,2211,900
Perlis,01/01/2010,Male,overall,2126,954
Perlis,01/01/2011,Male,overall,2192,905
Perlis,01/01/2012,Male,overall,2130,877
Perlis,01/01/2013,Male,overall,2108,948
Perlis,01/01/2014,Male,overall,2318,912
Perlis,01/01/2015,Male,overall,2239,958
Perlis,01/01/2016,Male,overall,2297,1023
Perlis,01/01/2017,Male,overall,2347,1100
Perlis,01/01/2018,Male,overall,2249,1138
Perlis,01/01/2019,Male,overall,2155,1125
Perlis,01/01/2020,Male,overall,2104,1073
Perlis,01/01/2021,Male,overall,2148,1244
Perlis,01/01/2022,Male,overall,1967,1348
Perlis,01/01/2000,Female,overall,2218,569
Perlis,01/01/2001,Female,overall,2122,570
Perlis,01/01/2002,Female,overall,2097,643
Perlis,01/01/2003,Female,overall,2012,609
Perlis,01/01/2004,Female,overall,1939,654
Perlis,01/01/2005,Female,overall,1928,626
Perlis,01/01/2006,Female,overall,1889,639
Perlis,01/01/2007,Female,overall,1920,680
Perlis,01/01/2008,Female,overall,2000,680
Perlis,01/01/2009,Female,overall,2026,680
Perlis,01/01/2010,Female,overall,1988,729
Perlis,01/01/2011,Female,overall,1969,732
Perlis,01/01/2012,Female,overall,2013,778
Perlis,01/01/2013,Female,overall,1942,793
Perlis,01/01/2014,Female,overall,2191,759
Perlis,01/01/2015,Female,overall,2076,809
Perlis,01/01/2016,Female,overall,2095,861
Perlis,01/01/2017,Female,overall,2100,904
Perlis,01/01/2018,Female,overall,2122,904
Perlis,01/01/2019,Female,overall,1905,871
Perlis,01/01/2020,Female,overall,1997,877
Perlis,01/01/2021,Female,overall,1928,990
Perlis,01/01/2022,Female,overall,1779,1074
Pulau Pinang,01/01/2000,Male,overall,14005,3934
Pulau Pinang,01/01/2001,Male,overall,12582,3955
Pulau Pinang,01/01/2002,Male,overall,12894,4253
Pulau Pinang,01/01/2003,Male,overall,11963,4312
Pulau Pinang,01/01/2004,Male,overall,11838,4362
Pulau Pinang,01/01/2005,Male,overall,11716,4382
Pulau Pinang,01/01/2006,Male,overall,11510,4323
Pulau Pinang,01/01/2007,Male,overall,11594,4694
Pulau Pinang,01/01/2008,Male,overall,11929,4702
Pulau Pinang,01/01/2009,Male,overall,11734,4899
Pulau Pinang,01/01/2010,Male,overall,10964,5004
Pulau Pinang,01/01/2011,Male,overall,11633,5147
Pulau Pinang,01/01/2012,Male,overall,12138,5078
Pulau Pinang,01/01/2013,Male,overall,11020,5379
Pulau Pinang,01/01/2014,Male,overall,11799,5472
Pulau Pinang,01/01/2015,Male,overall,11529,5783
Pulau Pinang,01/01/2016,Male,overall,11176,6163
Pulau Pinang,01/01/2017,Male,overall,11048,5984
Pulau Pinang,01/01/2018,Male,overall,10661,6271
Pulau Pinang,01/01/2019,Male,overall,10471,6109
Pulau Pinang,01/01/2020,Male,overall,10188,6035
Pulau Pinang,01/01/2021,Male,overall,9510,7781
Pulau Pinang,01/01/2022,Male,overall,9069,7338
Pulau Pinang,01/01/2000,Female,overall,13332,3103
Pulau Pinang,01/01/2001,Female,overall,12130,3207
Pulau Pinang,01/01/2002,Female,overall,11881,3450
Pulau Pinang,01/01/2003,Female,overall,11504,3469
Pulau Pinang,01/01/2004,Female,overall,11105,3451
Pulau Pinang,01/01/2005,Female,overall,10843,3487
Pulau Pinang,01/01/2006,Female,overall,10493,3595
Pulau Pinang,01/01/2007,Female,overall,10835,3622
Pulau Pinang,01/01/2008,Female,overall,11023,3769
Pulau Pinang,01/01/2009,Female,overall,11043,3800
Pulau Pinang,01/01/2010,Female,overall,10208,4059
Pulau Pinang,01/01/2011,Female,overall,10720,3960
Pulau Pinang,01/01/2012,Female,overall,11656,4055
Pulau Pinang,01/01/2013,Female,overall,10479,4159
Pulau Pinang,01/01/2014,Female,overall,11078,4206
Pulau Pinang,01/01/2015,Female,overall,10713,4443
Pulau Pinang,01/01/2016,Female,overall,10605,4566
Pulau Pinang,01/01/2017,Female,overall,10416,4743
Pulau Pinang,01/01/2018,Female,overall,10044,4938
Pulau Pinang,01/01/2019,Female,overall,9729,4787
Pulau Pinang,01/01/2020,Female,overall,9457,4666
Pulau Pinang,01/01/2021,Female,overall,9061,6197
Pulau Pinang,01/01/2022,Female,overall,8662,5582
Sabah,01/01/2000,Male,overall,25535,3204
Sabah,01/01/2001,Male,overall,25446,3309
Sabah,01/01/2002,Male,overall,23889,3549
Sabah,01/01/2003,Male,overall,22975,3587
Sabah,01/01/2004,Male,overall,23923,3764
Sabah,01/01/2005,Male,overall,24492,3943
Sabah,01/01/2006,Male,overall,24019,4005
Sabah,01/01/2007,Male,overall,24199,4142
Sabah,01/01/2008,Male,overall,26167,4446
Sabah,01/01/2009,Male,overall,27295,4556
Sabah,01/01/2010,Male,overall,28078,4574
Sabah,01/01/2011,Male,overall,28473,4849
Sabah,01/01/2012,Male,overall,30266,4779
Sabah,01/01/2013,Male,overall,29664,4836
Sabah,01/01/2014,Male,overall,29720,7175
Sabah,01/01/2015,Male,overall,28451,7365
Sabah,01/01/2016,Male,overall,27067,7555
Sabah,01/01/2017,Male,overall,27120,7929
Sabah,01/01/2018,Male,overall,27601,8170
Sabah,01/01/2019,Male,overall,27554,8560
Sabah,01/01/2020,Male,overall,25952,8818
Sabah,01/01/2021,Male,overall,21544,10791
Sabah,01/01/2022,Male,overall,22471,10084
Sabah,01/01/2000,Female,overall,23773,1999
Sabah,01/01/2001,Female,overall,23544,2128
Sabah,01/01/2002,Female,overall,22230,2315
Sabah,01/01/2003,Female,overall,21413,2474
Sabah,01/01/2004,Female,overall,22247,2564
Sabah,01/01/2005,Female,overall,22668,2620
Sabah,01/01/2006,Female,overall,22123,2697
Sabah,01/01/2007,Female,overall,22818,2837
Sabah,01/01/2008,Female,overall,24105,2948
Sabah,01/01/2009,Female,overall,25487,3009
Sabah,01/01/2010,Female,overall,26056,3048
Sabah,01/01/2011,Female,overall,26517,3246
Sabah,01/01/2012,Female,overall,27919,3287
Sabah,01/01/2013,Female,overall,27159,3417
Sabah,01/01/2014,Female,overall,27677,5013
Sabah,01/01/2015,Female,overall,26248,5146
Sabah,01/01/2016,Female,overall,25004,5279
Sabah,01/01/2017,Female,overall,25408,5790
Sabah,01/01/2018,Female,overall,25424,5770
Sabah,01/01/2019,Female,overall,25419,6153
Sabah,01/01/2020,Female,overall,23635,6050
Sabah,01/01/2021,Female,overall,20064,8082
Sabah,01/01/2022,Female,overall,21146,7311
Sarawak,01/01/2000,Male,overall,24799,4894
Sarawak,01/01/2001,Male,overall,23866,5115
Sarawak,01/01/2002,Male,overall,23426,5078
Sarawak,01/01/2003,Male,overall,23005,5331
Sarawak,01/01/2004,Male,overall,22518,5527
Sarawak,01/01/2005,Male,overall,22402,5466
Sarawak,01/01/2006,Male,overall,22215,5579
Sarawak,01/01/2007,Male,overall,22036,5642
Sarawak,01/01/2008,Male,overall,22631,5939
Sarawak,01/01/2009,Male,overall,22693,6351
Sarawak,01/01/2010,Male,overall,21435,5951
Sarawak,01/01/2011,Male,overall,22318,6314
Sarawak,01/01/2012,Male,overall,22517,6419
Sarawak,01/01/2013,Male,overall,21027,6427
Sarawak,01/01/2014,Male,overall,21243,6698
Sarawak,01/01/2015,Male,overall,20551,6902
Sarawak,01/01/2016,Male,overall,19652,7218
Sarawak,01/01/2017,Male,overall,19543,7564
Sarawak,01/01/2018,Male,overall,18876,7862
Sarawak,01/01/2019,Male,overall,19037,7908
Sarawak,01/01/2020,Male,overall,18440,8227
Sarawak,01/01/2021,Male,overall,16062,10209
Sarawak,01/01/2022,Male,overall,15949,9566
Sarawak,01/01/2000,Female,overall,23121,3619
Sarawak,01/01/2001,Female,overall,22232,3778
Sarawak,01/01/2002,Female,overall,21503,3740
Sarawak,01/01/2003,Female,overall,21063,3956
Sarawak,01/01/2004,Female,overall,21027,3979
Sarawak,01/01/2005,Female,overall,20839,4087
Sarawak,01/01/2006,Female,overall,20677,4383
Sarawak,01/01/2007,Female,overall,20513,4378
Sarawak,01/01/2008,Female,overall,20795,4539
Sarawak,01/01/2009,Female,overall,21060,4889
Sarawak,01/01/2010,Female,overall,20039,4445
Sarawak,01/01/2011,Female,overall,21065,4804
Sarawak,01/01/2012,Female,overall,20661,4827
Sarawak,01/01/2013,Female,overall,19386,4804
Sarawak,01/01/2014,Female,overall,19806,4988
Sarawak,01/01/2015,Female,overall,19203,5298
Sarawak,01/01/2016,Female,overall,18333,5390
Sarawak,01/01/2017,Female,overall,18111,5553
Sarawak,01/01/2018,Female,overall,17748,5966
Sarawak,01/01/2019,Female,overall,17635,6117
Sarawak,01/01/2020,Female,overall,17009,5887
Sarawak,01/01/2021,Female,overall,15212,7387
Sarawak,01/01/2022,Female,overall,14988,7061
Selangor,01/01/2000,Male,overall,47370,7460
Selangor,01/01/2001,Male,overall,45402,7825
Selangor,01/01/2002,Male,overall,46508,8108
Selangor,01/01/2003,Male,overall,46551,8432
Selangor,01/01/2004,Male,overall,48364,8566
Selangor,01/01/2005,Male,overall,47743,8864
Selangor,01/01/2006,Male,overall,49070,9229
Selangor,01/01/2007,Male,overall,50109,9301
Selangor,01/01/2008,Male,overall,51868,10270
Selangor,01/01/2009,Male,overall,53174,10637
Selangor,01/01/2010,Male,overall,50529,10793
Selangor,01/01/2011,Male,overall,53540,11265
Selangor,01/01/2012,Male,overall,56078,12186
Selangor,01/01/2013,Male,overall,53282,12611
Selangor,01/01/2014,Male,overall,56023,13072
Selangor,01/01/2015,Male,overall,55720,13689
Selangor,01/01/2016,Male,overall,54027,14948
Selangor,01/01/2017,Male,overall,53823,15417
Selangor,01/01/2018,Male,overall,52784,15829
Selangor,01/01/2019,Male,overall,50760,16193
Selangor,01/01/2020,Male,overall,48318,14856
Selangor,01/01/2021,Male,overall,46638,24531
Selangor,01/01/2022,Male,overall,43346,19023
Selangor,01/01/2000,Female,overall,44265,5246
Selangor,01/01/2001,Female,overall,42356,5543
Selangor,01/01/2002,Female,overall,43227,5814
Selangor,01/01/2003,Female,overall,43382,5863
Selangor,01/01/2004,Female,overall,44812,6050
Selangor,01/01/2005,Female,overall,44713,6507
Selangor,01/01/2006,Female,overall,45667,6466
Selangor,01/01/2007,Female,overall,46946,6602
Selangor,01/01/2008,Female,overall,48416,7379
Selangor,01/01/2009,Female,overall,49849,7736
Selangor,01/01/2010,Female,overall,47900,7765
Selangor,01/01/2011,Female,overall,50146,8087
Selangor,01/01/2012,Female,overall,51868,8834
Selangor,01/01/2013,Female,overall,49891,9066
Selangor,01/01/2014,Female,overall,52909,9575
Selangor,01/01/2015,Female,overall,52411,10115
Selangor,01/01/2016,Female,overall,50634,10640
Selangor,01/01/2017,Female,overall,50164,11316
Selangor,01/01/2018,Female,overall,49341,11558
Selangor,01/01/2019,Female,overall,48076,11593
Selangor,01/01/2020,Female,overall,45259,10549
Selangor,01/01/2021,Female,overall,43480,17520
Selangor,01/01/2022,Female,overall,40312,13838
Terengganu,01/01/2000,Male,overall,12831,2607
Terengganu,01/01/2001,Male,overall,12373,2842
Terengganu,01/01/2002,Male,overall,11961,2807
Terengganu,01/01/2003,Male,overall,11544,3122
Terengganu,01/01/2004,Male,overall,11732,3032
Terengganu,01/01/2005,Male,overall,11188,3004
Terengganu,01/01/2006,Male,overall,11159,3129
Terengganu,01/01/2007,Male,overall,11536,3235
Terengganu,01/01/2008,Male,overall,12114,3283
Terengganu,01/01/2009,Male,overall,12200,3491
Terengganu,01/01/2010,Male,overall,12546,3428
Terengganu,01/01/2011,Male,overall,12855,3518
Terengganu,01/01/2012,Male,overall,13230,3592
Terengganu,01/01/2013,Male,overall,13026,3739
Terengganu,01/01/2014,Male,overall,14056,3598
Terengganu,01/01/2015,Male,overall,14403,3850
Terengganu,01/01/2016,Male,overall,14211,3945
Terengganu,01/01/2017,Male,overall,14177,4030
Terengganu,01/01/2018,Male,overall,14578,4052
Terengganu,01/01/2019,Male,overall,14088,4207
Terengganu,01/01/2020,Male,overall,14118,3881
Terengganu,01/01/2021,Male,overall,13632,4645
Terengganu,01/01/2022,Male,overall,13077,4762
Terengganu,01/01/2000,Female,overall,12002,1963
Terengganu,01/01/2001,Female,overall,11687,2024
Terengganu,01/01/2002,Female,overall,11244,2244
Terengganu,01/01/2003,Female,overall,10725,2224
Terengganu,01/01/2004,Female,overall,10810,2212
Terengganu,01/01/2005,Female,overall,10778,2364
Terengganu,01/01/2006,Female,overall,10748,2278
Terengganu,01/01/2007,Female,overall,10830,2328
Terengganu,01/01/2008,Female,overall,11225,2491
Terengganu,01/01/2009,Female,overall,11687,2487
Terengganu,01/01/2010,Female,overall,11716,2436
Terengganu,01/01/2011,Female,overall,11921,2691
Terengganu,01/01/2012,Female,overall,12468,2585
Terengganu,01/01/2013,Female,overall,12439,2685
Terengganu,01/01/2014,Female,overall,12957,2862
Terengganu,01/01/2015,Female,overall,13226,2865
Terengganu,01/01/2016,Female,overall,13310,2898
Terengganu,01/01/2017,Female,overall,13734,3018
Terengganu,01/01/2018,Female,overall,13664,3047
Terengganu,01/01/2019,Female,overall,12997,3134
Terengganu,01/01/2020,Female,overall,13059,2855
Terengganu,01/01/2021,Female,overall,12705,3824
Terengganu,01/01/2022,Female,overall,12227,3924
Kuala Lumpur,01/01/2000,Male,overall,15150,3169
Kuala Lumpur,01/01/2001,Male,overall,13975,3329
Kuala Lumpur,01/01/2002,Male,overall,13431,3519
Kuala Lumpur,01/01/2003,Male,overall,13057,3366
Kuala Lumpur,01/01/2004,Male,overall,12811,3329
Kuala Lumpur,01/01/2005,Male,overall,12234,3212
Kuala Lumpur,01/01/2006,Male,overall,12406,3336
Kuala Lumpur,01/01/2007,Male,overall,12883,3417
Kuala Lumpur,01/01/2008,Male,overall,12996,3473
Kuala Lumpur,01/01/2009,Male,overall,13271,3808
Kuala Lumpur,01/01/2010,Male,overall,12697,3826
Kuala Lumpur,01/01/2011,Male,overall,13147,4052
Kuala Lumpur,01/01/2012,Male,overall,14012,4092
Kuala Lumpur,01/01/2013,Male,overall,13044,4117
Kuala Lumpur,01/01/2014,Male,overall,13887,4508
Kuala Lumpur,01/01/2015,Male,overall,13411,4395
Kuala Lumpur,01/01/2016,Male,overall,13276,4733
Kuala Lumpur,01/01/2017,Male,overall,12722,4724
Kuala Lumpur,01/01/2018,Male,overall,12475,4929
Kuala Lumpur,01/01/2019,Male,overall,12473,5183
Kuala Lumpur,01/01/2020,Male,overall,12113,4812
Kuala Lumpur,01/01/2021,Male,overall,10992,7689
Kuala Lumpur,01/01/2022,Male,overall,10234,5706
Kuala Lumpur,01/01/2000,Female,overall,14232,2323
Kuala Lumpur,01/01/2001,Female,overall,13236,2417
Kuala Lumpur,01/01/2002,Female,overall,12497,2539
Kuala Lumpur,01/01/2003,Female,overall,12116,2522
Kuala Lumpur,01/01/2004,Female,overall,12081,2421
Kuala Lumpur,01/01/2005,Female,overall,11310,2423
Kuala Lumpur,01/01/2006,Female,overall,11661,2455
Kuala Lumpur,01/01/2007,Female,overall,12053,2598
Kuala Lumpur,01/01/2008,Female,overall,12182,2691
Kuala Lumpur,01/01/2009,Female,overall,12599,2662
Kuala Lumpur,01/01/2010,Female,overall,11774,2639
Kuala Lumpur,01/01/2011,Female,overall,12378,2875
Kuala Lumpur,01/01/2012,Female,overall,12970,2904
Kuala Lumpur,01/01/2013,Female,overall,12289,3066
Kuala Lumpur,01/01/2014,Female,overall,13213,3139
Kuala Lumpur,01/01/2015,Female,overall,12378,3213
Kuala Lumpur,01/01/2016,Female,overall,12463,3344
Kuala Lumpur,01/01/2017,Female,overall,12010,3481
Kuala Lumpur,01/01/2018,Female,overall,11760,3556
Kuala Lumpur,01/01/2019,Female,overall,11448,3662
Kuala Lumpur,01/01/2020,Female,overall,11086,3522
Kuala Lumpur,01/01/2021,Female,overall,10054,5645
Kuala Lumpur,01/01/2022,Female,overall,9619,4256
Labuan,01/01/2000,Male,overall,769,94
Labuan,01/01/2001,Male,overall,783,101
Labuan,01/01/2002,Male,overall,773,130
Labuan,01/01/2003,Male,overall,833,134
Labuan,01/01/2004,Male,overall,791,128
Labuan,01/01/2005,Male,overall,784,128
Labuan,01/01/2006,Male,overall,818,121
Labuan,01/01/2007,Male,overall,829,123
Labuan,01/01/2008,Male,overall,849,156
Labuan,01/01/2009,Male,overall,848,153
Labuan,01/01/2010,Male,overall,852,144
Labuan,01/01/2011,Male,overall,911,137
Labuan,01/01/2012,Male,overall,934,144
Labuan,01/01/2013,Male,overall,944,145
Labuan,01/01/2014,Male,overall,959,165
Labuan,01/01/2015,Male,overall,1023,143
Labuan,01/01/2016,Male,overall,881,169
Labuan,01/01/2017,Male,overall,866,132
Labuan,01/01/2018,Male,overall,913,175
Labuan,01/01/2019,Male,overall,872,182
Labuan,01/01/2020,Male,overall,851,183
Labuan,01/01/2021,Male,overall,755,300
Labuan,01/01/2022,Male,overall,704,218
Labuan,01/01/2000,Female,overall,726,73
Labuan,01/01/2001,Female,overall,703,58
Labuan,01/01/2002,Female,overall,693,70
Labuan,01/01/2003,Female,overall,751,86
Labuan,01/01/2004,Female,overall,722,84
Labuan,01/01/2005,Female,overall,725,81
Labuan,01/01/2006,Female,overall,769,87
Labuan,01/01/2007,Female,overall,752,81
Labuan,01/01/2008,Female,overall,831,87
Labuan,01/01/2009,Female,overall,808,94
Labuan,01/01/2010,Female,overall,779,99
Labuan,01/01/2011,Female,overall,823,81
Labuan,01/01/2012,Female,overall,839,98
Labuan,01/01/2013,Female,overall,799,100
Labuan,01/01/2014,Female,overall,912,109
Labuan,01/01/2015,Female,overall,930,103
Labuan,01/01/2016,Female,overall,871,108
Labuan,01/01/2017,Female,overall,819,115
Labuan,01/01/2018,Female,overall,778,112
Labuan,01/01/2019,Female,overall,806,116
Labuan,01/01/2020,Female,overall,863,136
Labuan,01/01/2021,Female,overall,767,217
Labuan,01/01/2022,Female,overall,670,174
Putrajaya,01/01/2010,Male,overall,1286,52
Putrajaya,01/01/2011,Male,overall,1508,63
Putrajaya,01/01/2012,Male,overall,1600,69
Putrajaya,01/01/2013,Male,overall,1518,93
Putrajaya,01/01/2014,Male,overall,1574,100
Putrajaya,01/01/2015,Male,overall,1515,95
Putrajaya,01/01/2016,Male,overall,1342,86
Putrajaya,01/01/2017,Male,overall,1298,123
Putrajaya,01/01/2018,Male,overall,1251,120
Putrajaya,01/01/2019,Male,overall,1211,114
Putrajaya,01/01/2020,Male,overall,1073,118
Putrajaya,01/01/2021,Male,overall,1090,154
Putrajaya,01/01/2022,Male,overall,953,139
Putrajaya,01/01/2010,Female,overall,1144,43
Putrajaya,01/01/2011,Female,overall,1448,50
Putrajaya,01/01/2012,Female,overall,1550,73
Putrajaya,01/01/2013,Female,overall,1454,71
Putrajaya,01/01/2014,Female,overall,1490,94
Putrajaya,01/01/2015,Female,overall,1354,98
Putrajaya,01/01/2016,Female,overall,1227,77
Putrajaya,01/01/2017,Female,overall,1219,106
Putrajaya,01/01/2018,Female,overall,1149,98
Putrajaya,01/01/2019,Female,overall,1105,95
Putrajaya,01/01/2020,Female,overall,1070,93
Putrajaya,01/01/2021,Female,overall,1016,112
Putrajaya,01/01/2022,Female,overall,886,114
